id,Title,Date,"Post Modified Date"
17551,"How to Clean Proteins with Enzymatic Detergent",2020-02-12,2020-10-26
17552,"How To Clean Laboratory Glassware",2020-02-12,2020-10-26
17554,"How to Choose a CIP Detergent",2020-02-12,2020-10-26
17556,"How To Clean a Commercial Deep Fryer & Baskets",2020-02-12,2020-10-26
17559,"Alconox Fryer Cleaning Instructions",2020-02-12,2020-10-26
17563,"KFC Approved Deep Fryer Cleaning",2020-02-12,2020-10-26
17565,"Alconox Deep Action Fryer Cleaner Testimonial",2020-02-12,2020-10-26
17567,"Cleaning with Liquinox",2020-02-12,2020-10-26
17569,"Cleaning with Citranox",2020-02-12,2020-10-26
17571,"Keeping It Clean",2020-02-12,2020-10-26
17574,"Cleaning and Validation",2020-02-12,2020-10-26
17576,"Solving Cleaning Challenges and the Question of Cosmeceuticals",2020-02-12,2020-10-26
17579,"Pharmaceutical Cleaning Innovation: American Pharmaceutical Review Interview with Alconox Inc.",2020-02-12,2020-10-26
17581,"About Alconox Inc. - Over 75 years in Critical Cleaning",2020-02-12,2021-06-11
19912,"How to Make a 1% Detergent Solution By Following These Four Simple Steps",2020-08-17,2020-10-26
20158,"Alconox Critical Cleaning Testimonials",2020-09-18,2020-10-26
20230,"How to Choose CIP Detergents for Cosmetic Residues",2020-10-01,2020-10-26
20821,"Alconox Inc. Website Teaser",2020-12-08,2020-12-15
20866,"Alconox Inc. Website Trailer",2020-12-15,2020-12-15
20904,"How to Download a Certificate of Analysis (COA)",2020-12-28,2021-02-02
20918,"Ledizolv Lead Specific Detergent",2021-01-04,2021-01-04
21050,"How to Locate an Alconox Inc. Dealer",2021-02-02,2021-02-03
21435,"AlconoxCann - Cleaning Cannabis Residues",2021-04-22,2021-04-22
